-- Insertar en dept
INSERT INTO dept (DEPTNO, DNAME, LOC) VALUES (10, 'ACCOUNTING', 'NEW YORK');
INSERT INTO dept (DEPTNO, DNAME, LOC) VALUES (20, 'RESEARCH', 'DALLAS');
INSERT INTO dept (DEPTNO, DNAME, LOC) VALUES (30, 'SALES', 'CHICAGO');
INSERT INTO dept (DEPTNO, DNAME, LOC) VALUES (40, 'OPERATIONS', 'BOSTON');

-- Insertar en EMP (fechas convertidas)
INSERT INTO emp (EMPNO, ENAME, JOB, MGR, HIREDATE, SAL, COMM, DEPTNO) VALUES 
(7369, 'SMITH', 'CLERK', 7902, '1980-12-17', 800, NULL, 20),
(7499, 'ALLEN', 'SALESMAN', 7698, '1981-02-20', 1600, 300, 30),
(7521, 'WARD', 'SALESMAN', 7698, '1981-02-22', 1250, 500, 30),
(7566, 'JONES', 'MANAGER', 7839, '1981-04-02', 2975, NULL, 20),
(7654, 'MARTIN', 'SALESMAN', 7698, '1981-09-28', 1250, 1400, 30),
(7698, 'BLAKE', 'MANAGER', 7839, '1981-05-01', 2850, NULL, 30),
(7782, 'CLARK', 'MANAGER', 7839, '1981-06-09', 2450, NULL, 10),
(7788, 'SCOTT', 'ANALYST', 7566, '1982-12-09', 3000, NULL, 20),
(7839, 'KING', 'PRESIDENT', NULL, '1981-11-17', 5000, NULL, 10),
(7844, 'TURNER', 'SALESMAN', 7698, '1981-09-08', 1500, 0, 30),
(7876, 'ADAMS', 'CLERK', 7788, '1983-01-12', 1100, NULL, 20),
(7900, 'JAMES', 'CLERK', 7698, '1981-12-03', 950, NULL, 30),
(7902, 'FORD', 'ANALYST', 7566, '1981-12-03', 3000, NULL, 20),
(7934, 'MILLER', 'CLERK', 7782, '1982-01-23', 1300, NULL, 10);

-- Insertar en PRO
INSERT INTO pro (PRONO, PNAME, LOC, DEPTNO) VALUES
(1001, 'P1', 'BOSTON', 20),
(1004, 'P4', 'CHICAGO', 30),
(1005, 'P5', 'CHICAGO', 30),
(1006, 'P6', 'LOS ANGELES', 30),
(1008, 'P8', 'NEW YORK', 30);

-- Insertar en EMPPRO
INSERT INTO emppro (EMPNO, PRONO, HOURS) VALUES
(7499, 1004, 15),
(7499, 1005, 12),
(7521, 1004, 10),
(7521, 1008, 8),
(7654, 1001, 16),
(7654, 1006, 15),
(7654, 1008, 5),
(7934, 1001, 4);

COMMIT;
